{
    "car-0.jpg": [
        57.356425,
        44.428889,
        37.797908
    ],
    "car-1.jpg": [
        125.71415117029191,
        126.88465886996532,
        133.35734081984495
    ],
    "car-10.jpg": [
        144.060001,
        121.665752,
        107.815261
    ],
    "car-11.jpg": [
        94.18879645490829,
        89.46744479956364,
        80.51076201290194
    ],
    "car-12.jpg": [
        168.551404,
        168.55714,
        163.447055
    ],
    "car-13.jpg": [
        143.76964260102548,
        133.40434176557065,
        116.55466312883216
    ],
    "car-14.jpg": [
        102.090557,
        93.09253,
        96.358231
    ],
    "car-15.jpg": [
        14.6237568,
        14.6237568,
        14.6237568
    ],
    "car-16.jpg": [
        76.021195,
        72.620964,
        65.747685
    ],
    "car-17.jpg": [
        123.638627,
        125.167593,
        129.824052
    ],
    "car-18.jpg": [
        42.142732,
        33.930475,
        26.854465
    ],
    "car-19.jpg": [
        46.08058,
        47.527667,
        48.5821
    ],
    "car-2.jpg": [
        91.023272,
        68.669387,
        68.164246
    ],
    "car-20.jpg": [
        76.307843,
        122.471213,
        144.07898
    ],
    "car-21.jpg": [
        35.51337299865809,
        131.30895122154067,
        88.78082622856488
    ],
    "car-22.jpg": [
        103.08477170709997,
        114.48111326645522,
        123.94985715538033
    ],
    "car-23.jpg": [
        167.41143058132005,
        140.92282886426395,
        120.96615434565351
    ],
    "car-24.jpg": [
        145.95544281832096,
        145.70432849542246,
        111.19803591457645
    ],
    "car-25.jpg": [
        158.540901,
        109.393761,
        79.770431
    ],
    "car-26.jpg": [
        61.560402,
        56.123884,
        57.76757
    ],
    "car-27.jpg": [
        133.520163,
        143.118168,
        146.426453
    ],
    "car-28.jpg": [
        28.405523,
        44.311285,
        50.699669
    ],
    "car-29.jpg": [
        46.207057,
        51.533751,
        54.650349
    ],
    "car-3.jpg": [
        93.15288982195558,
        101.18570025332161,
        106.41736028537456
    ],
    "car-30.jpg": [
        92.16985103969755,
        71.21138147448015,
        70.70380037807183
    ],
    "car-31.jpg": [
        129.96965333333333,
        127.043488,
        113.76392711111112
    ],
    "car-32.jpg": [
        119.15978142862602,
        119.46612975371384,
        108.39348691471356
    ],
    "car-33.jpg": [
        92.5966879892265,
        81.38120738995035,
        86.46086714081306
    ],
    "car-34.jpg": [
        99.63355722483902,
        89.70179102688276,
        90.6198965829466
    ],
    "car-35.jpg": [
        56.4181914557214,
        58.92579777008843,
        56.89862114935312
    ],
    "car-36.jpg": [
        77.80695121732583,
        72.30335885115996,
        68.6888199648607
    ],
    "car-37.jpg": [
        114.54350411001396,
        98.36824915877894,
        103.8290966960298
    ],
    "car-38.jpg": [
        18.26012416,
        14.08032768,
        7.65879552
    ],
    "car-39.jpg": [
        118.60689295532144,
        113.60226033909582,
        102.67886821207088
    ],
    "car-4.jpg": [
        57.168017190804896,
        48.1734117948522,
        50.19679290789388
    ],
    "car-40.jpg": [
        42.474383,
        40.02513,
        40.496402
    ],
    "car-41.jpg": [
        200.2062064919564,
        199.64211971975033,
        198.2933518248372
    ],
    "car-42.jpg": [
        77.81255998687313,
        98.98100200274675,
        110.0178179276179
    ],
    "car-43.jpg": [
        107.8237020919825,
        106.45871891640387,
        102.15404966182575
    ],
    "car-44.jpg": [
        137.83236717473346,
        107.82454724661658,
        90.132066650333
    ],
    "car-45.jpg": [
        122.82838384826276,
        112.8994034116901,
        80.94975533885017
    ],
    "car-46.jpg": [
        136.6230138304161,
        138.78348307105819,
        130.30677090240488
    ],
    "car-47.jpg": [
        188.125966,
        208.885344,
        223.967022
    ],
    "car-48.jpg": [
        32.63736647570295,
        35.320839095169795,
        42.56563340118701
    ],
    "car-49.jpg": [
        84.307065,
        83.910734,
        84.876231
    ],
    "car-5.jpg": [
        172.51017955555557,
        201.2499217777778,
        189.656032
    ],
    "car-50.jpg": [
        123.11975594275302,
        122.32049348338941,
        122.66276284269364
    ],
    "car-51.jpg": [
        129.59474835295995,
        83.17481663965619,
        67.84857795989562
    ],
    "car-52.jpg": [
        98.4829474318313,
        105.54724886432346,
        131.16692253573362
    ],
    "car-53.jpg": [
        154.6889179138322,
        165.08478185941044,
        172.43931065759637
    ],
    "car-54.jpg": [
        76.9258009009908,
        53.94297375639175,
        54.771746564090336
    ],
    "car-55.jpg": [
        98.972561,
        98.418851,
        93.013144
    ],
    "car-56.jpg": [
        86.03019629615477,
        75.81926053465021,
        74.27363454704432
    ],
    "car-57.jpg": [
        41.7230635057284,
        43.95998552447914,
        36.79569735372194
    ],
    "car-58.jpg": [
        87.431347,
        94.227379,
        100.398856
    ],
    "car-59.jpg": [
        156.38924315952968,
        151.68663868965066,
        153.1129135582134
    ],
    "car-6.jpg": [
        27.289665550889836,
        28.58489631478157,
        27.976795838078804
    ],
    "car-60.jpg": [
        131.94100632163696,
        111.5389420952484,
        105.36477693910126
    ],
    "car-61.jpg": [
        41.787688614463384,
        55.53141120594126,
        70.44317796124426
    ],
    "car-62.jpg": [
        86.089823,
        71.587138,
        57.617234
    ],
    "car-63.jpg": [
        82.08465898330763,
        90.93769445120796,
        111.76305584864143
    ],
    "car-64.jpg": [
        38.87386067086397,
        59.97416209436511,
        74.38734156160301
    ],
    "car-65.jpg": [
        121.34966924333935,
        110.99439635504586,
        95.15186035168323
    ],
    "car-66.jpg": [
        39.38507582790314,
        44.48802285513915,
        47.66337445969669
    ],
    "car-67.jpg": [
        134.6753684626952,
        98.26173494961665,
        97.38866548734629
    ],
    "car-68.jpg": [
        28.604961,
        21.946859,
        20.160889
    ],
    "car-69.jpg": [
        111.989002,
        103.429828,
        95.43959
    ],
    "car-7.jpg": [
        148.56628956885874,
        134.5080098631344,
        122.62633825516028
    ],
    "car-70.jpg": [
        55.29813333333333,
        53.81715911111111,
        52.66955022222222
    ],
    "car-71.jpg": [
        105.42240424015878,
        105.49022565179179,
        98.35654736349966
    ],
    "car-72.jpg": [
        27.8130927040228,
        32.76756449361526,
        40.768162395563834
    ],
    "car-73.jpg": [
        188.56688,
        189.932112,
        198.0253351111111
    ],
    "car-74.jpg": [
        66.679043,
        88.748112,
        89.934746
    ],
    "car-75.jpg": [
        109.331786,
        91.889711,
        89.446637
    ],
    "car-76.jpg": [
        167.6760922387382,
        170.0221560883726,
        170.93930845671616
    ],
    "car-77.jpg": [
        91.80234395545855,
        102.19931938078936,
        98.27432011130867
    ],
    "car-78.jpg": [
        106.455253,
        76.987804,
        76.0044
    ],
    "car-79.jpg": [
        138.2667609223874,
        141.70267415018128,
        140.8572250606331
    ],
    "car-8.jpg": [
        118.53228879706153,
        107.69790863177226,
        107.54407943067034
    ],
    "car-80.jpg": [
        150.390439,
        154.736758,
        160.623719
    ],