{
    "-JRH1X5Fsn0.jpg": [
        90.06641111111111,
        62.87226666666667,
        49.349244444444444
    ],
    "0AnCEaDg13c.jpg": [
        192.15347777777777,
        185.40177777777777,
        207.32993333333334
    ],
    "0SBrrYxXruk.jpg": [
        91.72296666666666,
        72.80227777777777,
        61.71026666666667
    ],
    "0X7ZSnfjtrs.jpg": [
        55.251466666666666,
        65.20715555555556,
        65.99767777777778
    ],
    "10443973_aeb97513fc_m.jpg": [
        143.4599074074074,
        169.6576851851852,
        133.5818827160494
    ],
    "10683189_bd6e371b97.jpg": [
        76.34107733333333,
        90.38691555555556,
        40.094364444444444
    ],
    "10791227_7168491604.jpg": [
        107.51327904481057,
        30.2380037695353,
        3.208388568748929
    ],
    "10919961_0af657c4e8.jpg": [
        146.58435555555556,
        143.44873955555556,
        133.58731377777778
    ],
    "11405573_24a8a838cc_n.jpg": [
        146.97131944444445,
        132.76324652777777,
        121.67960069444445
    ],
    "11545123_50a340b473_m.jpg": [
        181.1333950617284,
        199.68385802469135,
        219.72783950617284
    ],
    "11642632_1e7627a2cc.jpg": [
        240.26626626626626,
        240.7792116440765,
        237.98254109965822
    ],
    "11746080_963537acdc.jpg": [
        106.3932004271983,
        100.85020371029627,
        68.50706063842411
    ],
    "11746276_de3dec8201.jpg": [
        113.31340349358368,
        55.98812325839353,
        79.29547565583601
    ],
    "11746367_d23a35b085_n.jpg": [
        107.6342722750865,
        112.7034088451557,
        100.72784656141869
    ],
    "11746452_5bc1749a36.jpg": [
        135.84318093132154,
        86.81428850156088,
        75.61730944328824
    ],
    "11746548_26b3256922_n.jpg": [
        154.59747164461248,
        73.22046313799622,
        12.627218546523839
    ],
    "12240303_80d87f77a3_n.jpg": [
        169.79984375,
        127.07666666666667,
        120.70802083333334
    ],
    "13290033_ebd7c7abba_n.jpg": [
        46.618012461136985,
        74.01141230381201,
        18.47208730287555
    ],
    "13920113_f03e867ea7_m.jpg": [
        135.58588541666666,
        142.77432291666668,
        121.79628472222223
    ],
    "14283011_3e7452c5b2_n.jpg": [
        27.65920138888889,
        46.98329861111111,
        19.053854166666667
    ],
    "14829055_2a2e646a8f_m.jpg": [
        60.934789540816325,
        88.95597496811224,
        129.55428890306123
    ],
    "14957470_6a8c272a87_m.jpg": [
        141.19947530864198,
        112.250987654321,
        56.154567901234564
    ],
    "1KgS1ub-KB4.jpg": [
        74.86556666666667,
        76.59653333333333,
        68.7123
    ],
    "2HzU8IjE3Pw.jpg": [
        138.55832222222222,
        115.22672222222222,
        99.04255555555555
    ],
    "2cG2-NJ3c4o.jpg": [
        126.65003333333334,
        130.18087777777777,
        129.91675555555557
    ],
    "3g8_h_aGtpc.jpg": [
        51.801455555555556,
        52.93551111111111,
        31.519244444444446
    ],
    "41cWzGf4680.jpg": [
        88.68178888888889,
        114.70041111111111,
        126.3638888888889
    ],
    "4EK0eCI6kUY.jpg": [
        226.8081222222222,
        219.85687777777778,
        208.52945555555556
    ],
    "4suh3rPBCkE.jpg": [
        137.42718888888888,
        131.34852222222221,
        143.19653333333332
    ],
    "5547758_eea9edfd54_n.jpg": [
        140.11838585017836,
        150.06500817479193,
        107.48842523781212
    ],
    "5673551_01d1ea993e_n.jpg": [
        226.26684318262727,
        198.3309229263083,
        154.49205678177287
    ],
    "5673728_71b8cb57eb.jpg": [
        130.30781862389316,
        108.84135941355784,
        71.38849978226158
    ],
    "5794835_d15905c7c8_n.jpg": [
        129.1490625,
        128.3623611111111,
        92.56239583333333
    ],
    "5794839_200acd910c_n.jpg": [
        122.09746527777777,
        125.72104166666666,
        101.41569444444444
    ],
    "6-q3ToV-Hgw.jpg": [
        153.38923333333332,
        122.3793,
        93.47992222222223
    ],
    "6953297_8576bf4ea3.jpg": [
        151.6662775510204,
        108.96243265306123,
        22.656873469387754
    ],
    "7355522_b66e5d3078_m.jpg": [
        122.37230902777777,
        121.91223958333333,
        47.9578125
    ],
    "769s1L42GqI.jpg": [
        98.06391111111111,
        84.82454444444444,
        56.07926666666667
    ],
    "76VVc7qa6bE.jpg": [
        165.90094444444443,
        178.8014777777778,
        181.68622222222223
    ],
    "7PVdw4uXnjE.jpg": [
        179.48883333333333,
        183.62936666666667,
        157.39912222222222
    ],
    "8181477_8cb77d2e0f_n.jpg": [
        127.40149305555556,
        135.76734375,
        157.9686111111111
    ],
    "8223949_2928d3f6f6_n.jpg": [
        101.46640625,
        107.22394097222222,
        94.27149305555555
    ],
    "8223968_6b51555d2f_n.jpg": [
        87.73864583333334,
        96.5174826388889,
        91.84616319444444
    ],
    "8475758_4c861ab268_m.jpg": [
        99.6754938271605,
        109.4929012345679,
        77.47848765432099
    ],
    "8475769_3dea463364_m.jpg": [
        89.64413580246914,
        102.92188271604938,
        87.26679012345679
    ],
    "8684108_a85764b22d_n.jpg": [
        93.05364583333333,
        103.491875,
        103.34079861111111
    ],
    "8qudl9pDZJ0.jpg": [
        34.258433333333336,
        19.57138888888889,
        10.644444444444444
    ],
    "9818247_e2eac18894.jpg": [
        113.60134673390517,
        127.33260085776227,
        57.147469129983975
    ],
    "98hTKGrCHgA.jpg": [
        101.61422222222222,
        96.50956666666667,
        99.15595555555555
    ],
    "AAjtt5UwlTs.jpg": [
        62.97418888888889,
        49.32678888888889,
        41.24686666666667
    ],
    "Agwv1mKDUnc.jpg": [
        132.02455555555557,
        112.32033333333334,
        95.14004444444444
    ],
    "BHLf7sAnrsk.jpg": [
        108.06452222222222,
        106.71845555555555,
        105.00478888888888
    ],
    "Bnm0Ntarz6o.jpg": [
        65.99338888888889,
        62.405122222222225,
        95.47188888888888
    ],
    "CuttVwA7jI8.jpg": [
        126.08893333333333,
        108.29234444444444,
        100.05306666666667
    ],
    "E1zoTAZ7O2o.jpg": [
        146.01042222222222,
        139.1192111111111,
        136.6152888888889
    ],
    "H98EbjaB30E.jpg": [
        219.4028111111111,
        209.79852222222223,
        208.7193888888889
    ],
    "Hl5WYiziZ3g.jpg": [
        64.85793333333334,
        70.0488111111111,
        54.83025555555555
    ],
    "Hm9ns5H7dRs.jpg": [
        103.34962222222222,
        103.34962222222222,
        103.34962222222222
    ],
    "Hy4gKrmDZP0.jpg": [
        163.52552222222224,
        138.32753333333332,
        129.88104444444446
    ],
    "JbuWaK0CcXk.jpg": [
        69.68266666666666,
        106.06855555555556,
        150.69332222222224
    ],
    "L87Ztdhqo_g.jpg": [
        102.28562222222222,
        92.27986666666666,
        78.69217777777777
    ],
    "Mewz6ypKMeo.jpg": [
        95.38386666666666,
        105.73464444444444,
        103.32533333333333
    ],
    "P4bSUHQd5z0.jpg": [
        115.54556666666667,
        107.26323333333333,
        104.12212222222222
    ],
    "QMB1ur53fnI.jpg": [
        183.94618888888888,
        159.40243333333333,
        145.6110888888889
    ],
    "QN5yUO2fMSA.jpg": [
        124.43891111111111,
        99.9673,
        64.1023111111111
    ],
    "Sl4fYF3T3wg.jpg": [
        124.57133333333333,
        124.8727,
        121.48091111111111
    ],
    "Ta1Zb3jXODs.jpg": [
        169.04113333333333,
        156.36513333333335,
        147.1479111111111
    ],
    "Uk0SxgjYcrA.jpg": [
        175.39575555555555,
        167.1729,
        156.11946666666665
    ],