{
    "girl-0.jpg": [
        84.743504,
        72.51094,
        77.958864
    ],
    "girl-1.jpg": [
        168.377517,
        132.011845,
        107.008654
    ],
    "girl-10.jpg": [
        148.173887,
        161.096604,
        151.716442
    ],
    "girl-11.jpg": [
        143.076372,
        123.518847,
        124.498095
    ],
    "girl-12.jpg": [
        176.684396,
        170.423952,
        171.706257
    ],
    "girl-13.jpg": [
        98.576203,
        113.466441,
        133.651882
    ],
    "girl-14.jpg": [
        194.50302341597796,
        191.317883379247,
        189.52307621671258
    ],
    "girl-15.jpg": [
        53.831885,
        44.621106,
        35.594942
    ],
    "girl-16.jpg": [
        169.15195925275742,
        154.1910813708588,
        137.1547352260901
    ],
    "girl-17.jpg": [
        101.736106,
        57.188983,
        41.260969
    ],
    "girl-18.jpg": [
        179.107502,
        176.165205,
        176.71654
    ],
    "girl-19.jpg": [
        76.076693,
        83.629453,
        88.851489
    ],
    "girl-2.jpg": [
        146.589322,
        136.782099,
        136.903029
    ],
    "girl-20.jpg": [
        189.801066,
        157.730738,
        141.440886
    ],
    "girl-21.jpg": [
        101.586153,
        102.415119,
        112.113368
    ],
    "girl-22.jpg": [
        145.387443,
        161.09949,
        163.858793
    ],
    "girl-23.jpg": [
        182.000608,
        173.600058,
        162.389682
    ],
    "girl-24.jpg": [
        108.432694,
        145.04534,
        162.42567
    ],
    "girl-25.jpg": [
        206.047896,
        204.749319,
        199.063174
    ],
    "girl-26.jpg": [
        101.77628747813148,
        76.6099235634919,
        64.2611286506197
    ],
    "girl-27.jpg": [
        187.3487701426648,
        161.46096891584193,
        163.294392533868
    ],
    "girl-28.jpg": [
        173.23984,
        172.362625,
        175.779371
    ],
    "girl-29.jpg": [
        95.388461,
        86.190256,
        63.254757
    ],
    "girl-3.jpg": [
        15.758971338918247,
        14.861394640011328,
        14.211178518686683
    ],
    "girl-30.jpg": [
        143.66323398652577,
        138.20556752505044,
        135.3079259430252
    ],
    "girl-31.jpg": [
        165.526113,
        163.056275,
        159.874983
    ],
    "girl-32.jpg": [
        98.595656,
        97.023592,
        78.217401
    ],
    "girl-33.jpg": [
        134.30207534913202,
        135.54399411988157,
        139.09151046665573
    ],
    "girl-34.jpg": [
        97.524121,
        97.524121,
        97.524121
    ],
    "girl-35.jpg": [
        91.320446,
        180.046541,
        184.114742
    ],
    "girl-36.jpg": [
        109.464768,
        101.855359,
        102.105641
    ],
    "girl-37.jpg": [
        104.131805,
        124.819631,
        132.018788
    ],
    "girl-38.jpg": [
        122.525313,
        88.869393,
        77.325383
    ],
    "girl-39.jpg": [
        124.572219,
        73.205569,
        79.026873
    ],
    "girl-4.jpg": [
        100.99895,
        50.202905,
        38.705945
    ],
    "girl-40.jpg": [
        133.89158644066273,
        129.54477858522014,
        134.62594714636685
    ],
    "girl-41.jpg": [
        139.3205,
        153.724104,
        147.71629
    ],
    "girl-42.jpg": [
        104.434283,
        106.95332,
        103.861893
    ],
    "girl-43.jpg": [
        50.90935266999184,
        43.230920521748125,
        38.334373293113565
    ],
    "girl-44.jpg": [
        137.34644259385422,
        129.21066997741045,
        120.01243545842446
    ],
    "girl-45.jpg": [
        190.83905648375213,
        160.47610752344966,
        91.19141628586007
    ],
    "girl-46.jpg": [
        135.251127,
        117.293556,
        118.197303
    ],
    "girl-5.jpg": [
        84.796637,
        76.72515,
        69.148254
    ],
    "girl-6.jpg": [
        162.825526,
        165.970814,
        159.078008
    ],
    "girl-7.jpg": [
        51.178101,
        51.019332,
        49.315765
    ],
    "girl-8.jpg": [
        167.97626598994356,
        169.36967872885145,
        158.58595739611454
    ],
    "girl-9.jpg": [
        115.909293,
        110.521555,
        76.635944
    ]
}