{
    "car-0.jpg": [
        57.25026666666667,
        44.32004444444444,
        37.690622222222224
    ],
    "car-1.jpg": [
        125.84453333333333,
        127.01284444444444,
        133.48871111111112
    ],
    "car-10.jpg": [
        143.95822222222222,
        121.54777777777778,
        107.68337777777778
    ],
    "car-11.jpg": [
        94.31235555555556,
        89.59404444444445,
        80.63671111111111
    ],
    "car-12.jpg": [
        168.46502222222222,
        168.49804444444445,
        163.384
    ],
    "car-13.jpg": [
        143.91746666666666,
        133.54351111111112,
        116.6960888888889
    ],
    "car-14.jpg": [
        101.99831111111111,
        93.00057777777778,
        96.26906666666666
    ],
    "car-15.jpg": [
        14.716222222222223,
        14.716222222222223,
        14.716222222222223
    ],
    "car-16.jpg": [
        75.96742222222223,
        72.57457777777778,
        65.70346666666667
    ],
    "car-17.jpg": [
        123.57235555555556,
        125.09924444444444,
        129.75951111111112
    ],
    "car-18.jpg": [
        42.09391111111111,
        33.88013333333333,
        26.804355555555556
    ],
    "car-19.jpg": [
        45.94568888888889,
        47.39893333333333,
        48.46013333333333
    ],
    "car-2.jpg": [
        90.9404888888889,
        68.57782222222222,
        68.074
    ],
    "car-20.jpg": [
        76.20093333333334,
        122.38608888888889,
        144.01115555555555
    ],
    "car-21.jpg": [
        35.64257777777778,
        131.47377777777777,
        88.93493333333333
    ],
    "car-22.jpg": [
        103.22142222222222,
        114.61631111111112,
        124.08977777777778
    ],
    "car-23.jpg": [
        167.54244444444444,
        141.0492,
        121.09902222222222
    ],
    "car-24.jpg": [
        146.06084444444446,
        145.81768888888888,
        111.30284444444445
    ],
    "car-25.jpg": [
        158.4527111111111,
        109.29106666666667,
        79.69386666666666
    ],
    "car-26.jpg": [
        61.486577777777775,
        56.049644444444446,
        57.69391111111111
    ],
    "car-27.jpg": [
        133.46413333333334,
        143.0445777777778,
        146.336
    ],
    "car-28.jpg": [
        28.347066666666667,
        44.245511111111114,
        50.644844444444445
    ],
    "car-29.jpg": [
        46.099022222222224,
        51.43253333333333,
        54.54573333333333
    ],
    "car-3.jpg": [
        93.27484444444444,
        101.30253333333333,
        106.54226666666666
    ],
    "car-30.jpg": [
        92.17071111111112,
        71.21093333333333,
        70.72844444444445
    ],
    "car-31.jpg": [
        130.102,
        127.16462222222222,
        113.88275555555556
    ],
    "car-32.jpg": [
        119.34444444444445,
        119.60626666666667,
        108.53293333333333
    ],
    "car-33.jpg": [
        92.60795555555555,
        81.3756,
        86.46702222222223
    ],
    "car-34.jpg": [
        99.63124444444445,
        89.69493333333334,
        90.60991111111112
    ],
    "car-35.jpg": [
        56.60231111111111,
        59.055955555555556,
        57.04182222222222
    ],
    "car-36.jpg": [
        77.91422222222222,
        72.43115555555555,
        68.8192
    ],
    "car-37.jpg": [
        114.67333333333333,
        98.49088888888889,
        103.94937777777778
    ],
    "car-38.jpg": [
        18.340222222222224,
        14.163777777777778,
        7.717644444444445
    ],
    "car-39.jpg": [
        118.72991111111111,
        113.71195555555556,
        102.77742222222223
    ],
    "car-4.jpg": [
        57.25013333333333,
        48.24817777777778,
        50.2744
    ],
    "car-40.jpg": [
        42.37688888888889,
        39.92026666666667,
        40.385822222222224
    ],
    "car-41.jpg": [
        200.33995555555555,
        199.77062222222222,
        198.42942222222223
    ],
    "car-42.jpg": [
        77.94853333333333,
        99.11395555555555,
        110.15346666666667
    ],
    "car-43.jpg": [
        107.96222222222222,
        106.58817777777777,
        102.28635555555556
    ],
    "car-44.jpg": [
        137.95586666666668,
        107.93342222222222,
        90.2303111111111
    ],
    "car-45.jpg": [
        122.82662222222223,
        112.89595555555556,
        81.01115555555556
    ],
    "car-46.jpg": [
        136.7403111111111,
        138.91173333333333,
        130.4411111111111
    ],
    "car-47.jpg": [
        188.0723111111111,
        208.8147111111111,
        223.92115555555554
    ],
    "car-48.jpg": [
        32.64311111111111,
        35.324533333333335,
        42.571866666666665
    ],
    "car-49.jpg": [
        84.23386666666667,
        83.83626666666666,
        84.79977777777778
    ],
    "car-5.jpg": [
        172.64635555555554,
        201.37995555555557,
        189.79342222222223
    ],
    "car-50.jpg": [
        123.24831111111111,
        122.44177777777777,
        122.78706666666666
    ],
    "car-51.jpg": [
        129.70844444444444,
        83.33893333333333,
        68.05022222222222
    ],
    "car-52.jpg": [
        98.62773333333334,
        105.68395555555556,
        131.30915555555555
    ],
    "car-53.jpg": [
        154.69995555555556,
        165.09026666666668,
        172.4439111111111
    ],
    "car-54.jpg": [
        77.06737777777778,
        54.080533333333335,
        54.91102222222222
    ],
    "car-55.jpg": [
        98.87275555555556,
        98.31711111111112,
        92.91684444444445
    ],
    "car-56.jpg": [
        86.16133333333333,
        75.93688888888889,
        74.40084444444445
    ],
    "car-57.jpg": [
        41.85977777777778,
        44.092711111111115,
        36.939733333333336
    ],
    "car-58.jpg": [
        87.35013333333333,
        94.14684444444444,
        100.32075555555555
    ],
    "car-59.jpg": [
        156.53768888888888,
        151.83053333333334,
        153.25951111111112
    ],
    "car-6.jpg": [
        27.32368888888889,
        28.616444444444443,
        28.00208888888889
    ],
    "car-60.jpg": [
        131.97022222222222,
        111.65022222222223,
        105.52813333333333
    ],
    "car-61.jpg": [
        41.91351111111111,
        55.66155555555556,
        70.57684444444445
    ],
    "car-62.jpg": [
        86.00644444444444,
        71.49666666666667,
        57.55546666666667
    ],
    "car-63.jpg": [
        82.22577777777778,
        91.07075555555555,
        111.89742222222222
    ],
    "car-64.jpg": [
        39.0168,
        60.138133333333336,
        74.53271111111111
    ],
    "car-65.jpg": [
        121.48622222222222,
        111.1344,
        95.28577777777778
    ],
    "car-66.jpg": [
        39.464844444444445,
        44.56288888888889,
        47.738844444444446
    ],
    "car-67.jpg": [
        134.77817777777778,
        98.38257777777778,
        97.51293333333334
    ],
    "car-68.jpg": [
        28.5212,
        21.851111111111113,
        20.066311111111112
    ],
    "car-69.jpg": [
        111.8916,
        103.31586666666666,
        95.33204444444445
    ],
    "car-7.jpg": [
        148.70493333333334,
        134.64266666666666,
        122.76964444444444
    ],
    "car-70.jpg": [
        55.385466666666666,
        53.89973333333333,
        52.754533333333335
    ],
    "car-71.jpg": [
        105.55542222222222,
        105.63013333333333,
        98.50097777777778
    ],
    "car-72.jpg": [
        27.961466666666666,
        32.8824,
        40.88111111111111
    ],
    "car-73.jpg": [
        188.69093333333333,
        190.05697777777777,
        198.1506222222222
    ],
    "car-74.jpg": [
        66.56893333333333,
        88.64084444444444,
        89.8308
    ],
    "car-75.jpg": [
        109.24533333333333,
        91.79657777777778,
        89.362
    ],
    "car-76.jpg": [
        167.77293333333333,
        170.11764444444444,
        171.04195555555555
    ],